DateTime,Subscribers,Videos,Views
2020-03-15 21:24:52Z, 2580, 151, 114118
2020-03-15 21:26:16Z, 2580, 151, 114118
2020-03-15 21:27:19Z, 2580, 151, 114118
2020-03-15 21:29:32Z, 2580, 151, 114118
2020-03-15 21:29:38Z, 2580, 151, 114118
2020-03-15 21:29:43Z, 2580, 151, 114118
2020-03-15 21:29:43Z, 2580, 151, 114118
2020-03-15 21:29:49Z, 2580, 151, 114118
2020-03-15 21:29:54Z, 2580, 151, 114118
2020-03-15 21:29:59Z, 2580, 151, 114118
2020-03-15 21:30:05Z, 2580, 151, 114118
2020-03-15 21:30:10Z, 2580, 151, 114118
2020-03-15 21:30:16Z, 2580, 151, 114118
2020-03-15 21:30:21Z, 2580, 151, 114126
2020-03-15 21:30:26Z, 2580, 151, 114126
2020-03-15 21:30:32Z, 2580, 151, 114126
2020-03-15 21:30:37Z, 2580, 151, 114126
2020-03-15 21:30:43Z, 2580, 151, 114126
2020-03-15 21:30:48Z, 2580, 151, 114126
2020-03-15 21:30:54Z, 2580, 151, 114126
